{"cameraMode":{"drawMode":0,"name":"Shaded","section":"Shading Mode"},"sceneLighting":true,"audioPlay":false,"sceneViewState":{"showFog":true,"showMaterialUpdate":false,"showSkybox":true,"showFlares":true,"showImageEffects":true,"showParticleSystems":true},"in2DMode":false,"pivot":{"x":-9.990617752075196,"y":-0.7671297192573547,"z":-10.882953643798829},"rotation":{"x":-0.12591488659381867,"y":0.8586227297782898,"z":-0.42787593603134158,"w":-0.252672016620636},"size":42.50221252441406,"orthographic":false}