{"cameraMode":{"drawMode":0,"name":"Shaded","section":"Shading Mode"},"sceneLighting":true,"audioPlay":false,"sceneViewState":{"showFog":true,"showMaterialUpdate":false,"showSkybox":true,"showFlares":true,"showImageEffects":true,"showParticleSystems":true},"in2DMode":false,"pivot":{"x":-18.371259689331056,"y":0.42340123653411868,"z":6.1269731521606449},"rotation":{"x":-0.10083050280809403,"y":0.6755720376968384,"z":-0.09402899444103241,"w":-0.7243043780326843},"size":38.948524475097659,"orthographic":false}