{"cameraMode":{"drawMode":0,"name":"Shaded","section":"Shading Mode"},"sceneLighting":true,"audioPlay":false,"sceneViewState":{"showFog":true,"showMaterialUpdate":false,"showSkybox":true,"showFlares":true,"showImageEffects":true,"showParticleSystems":true},"in2DMode":false,"pivot":{"x":-11.957263946533204,"y":21.401865005493165,"z":-22.738927841186525},"rotation":{"x":0.5105295777320862,"y":-0.08612431585788727,"z":0.05148039013147354,"w":0.8539954423904419},"size":29.524513244628908,"orthographic":false}